{"graph_0": {"_type": "graph-file", "sha256": "b531dec3c6d9971711e716d9d1d1333b905b416e9298138fd0270581789cb76e", "size": 11705, "path": "media/graph/graph_0_summary_b531dec3c6d9971711e7.graph.json"}, "lr-AdamW": 0.001, "trainer/global_step": 39, "_timestamp": 1678366132.8074033, "_runtime": 19.735385417938232, "_step": 44, "train_loss": 3043024.0, "epoch": 4, "val_loss": 5166441.5, "_wandb": {"runtime": 19}}