{"graph_0": {"_type": "graph-file", "sha256": "15f745a15cb5671f98d85bef0705400d63a2830a3dccf9dc1c0281ac0b2cbe64", "size": 11746, "path": "media/graph/graph_0_summary_15f745a15cb5671f98d8.graph.json"}, "plot": {"_type": "image-file", "sha256": "bb28d858d01900bfbc02a0324e89714479f5642a0078bb82844584f3aa2e4ca6", "size": 37764, "path": "media/images/plot_1_bb28d858d01900bfbc02.png", "format": "png", "width": 1200, "height": 300}, "_timestamp": 1679911751.9377115, "_runtime": 16.03345251083374, "_step": 7, "val_loss": 2.96901798248291, "epoch": 0, "trainer/global_step": 7, "val_acc": 0.4699999988079071, "train_acc": 0.2737500071525574, "test_loss": 653, "_wandb": {"runtime": 15}}